Date,Type,Distance (mi),Duration,Average Pace,Average Speed (mph),Calories Burned,Climb (ft)5/8/13,Running,0.56,1:17,2:19,25.99,30,166/4/19,Walking,2.59,43:44:00,16:52,3.56,328.312,05/9/13,Running,2,22:25,11:11,5.36,305,1255/29/19,Walking,2.28,23:46,10:26,5.75,326.131,2365/27/19,Walking,2.24,48:42:00,21:45,2.76,218.532,2006/8/13,Running,2.26,32:22:00,14:18,4.19,338,1536/17/13,Running,1.79,30:54:00,17:14,3.48,257,2937/6/13,Running,1.62,20:16,12:30,4.8,248,1295/18/19,Walking,4.46,1:10:54,15:54,3.77,600,2237/8/13,Running,2.02,22:29,11:08,5.39,309,1467/11/13,Running,2.34,23:28,10:02,5.98,379,1428/13/15,Running,3.34,38:35:00,11:33,5.2,411,1188/23/15,Running,2.31,25:51:00,11:12,5.35,360,1589/14/15,Running,1.89,18:45,9:56,6.04,311,9710/3/15,Running,2.36,23:29,9:58,6.02,410,30410/18/15,Running,3.12,44:37:00,14:18,4.19,534,57510/25/15,Running,2.04,19:47,9:41,6.19,329,5111/2/15,Running,1.94,19:48,10:12,5.88,360,38111/3/15,Running,2.11,20:54,9:56,6.04,388,41711/8/15,Running,2.11,21:28,10:11,5.89,363,30611/29/15,Running,2.28,23:01,10:07,5.93,366,9112/5/15,Running,2.47,44:11:00,17:55,3.35,351,9312/25/15,Running,2.2,27:55:00,12:42,4.72,329,8312/25/18,Walking,2.29,23:02,10:05,5.95,394,10112/24/18,Walking,3.18,50:05:00,15:46,3.8,446,1493/8/16,Running,2,19:30,9:44,6.17,333,1243/12/16,Running,2.12,21:50,10:18,5.83,344,1163/19/16,Running,2.78,34:32:00,12:24,4.84,415,713/26/16,Running,2.77,34:46:00,12:34,4.77,426,1913/28/16,Running,2.25,20:29,9:07,6.59,371,1324/3/16,Running,2.76,34:34:00,12:30,4.8,412,754/11/16,Running,2,18:04,9:03,6.63,327,914/18/16,Running,0.07,0:37,9:20,6.43,10,24/23/16,Running,2,18:16,9:07,6.58,331,1144/24/16,Running,2,18:07,9:04,6.62,329,1045/7/16,Running,2.2,20:06,9:08,6.57,361,1095/10/16,Running,2.06,18:27,8:57,6.71,327,265/15/16,Running,2.16,19:11,8:53,6.75,355,1065/16/16,Running,2.21,19:29,8:49,6.81,363,1065/21/16,Running,2.04,19:53,9:45,6.15,343,1545/24/16,Running,2.31,20:31,8:54,6.74,382,1245/26/16,Running,2.36,19:55,8:27,7.1,383,1275/28/16,Running,3.36,40:07:00,11:56,5.03,508,2125/29/16,Running,2.22,20:23,9:12,6.52,370,1579/20/18,Walking,3.54,1:03:22,17:56,3.35,424,1645/30/16,Running,2.01,17:37,8:46,6.85,330,975/30/16,Running,1.76,22:43,12:54,4.65,264,1386/3/16,Running,1.71,14:36,8:33,7.02,280,846/7/16,Running,1.71,17:29,10:14,5.86,274,1506/8/16,Running,2,17:19,8:39,6.93,335,1426/10/16,Running,2.01,17:48,8:51,6.78,347,1086/11/16,Running,2.32,28:02:00,12:04,4.97,365,1316/13/16,Running,2.32,26:08:00,11:17,5.32,378,1586/15/16,Running,3.61,46:25:00,12:52,4.66,546,2326/16/16,Running,1.95,23:41,12:07,4.95,308,1326/20/16,Running,3.51,30:19:00,8:39,6.94,494,2486/22/16,Running,2.15,20:12,9:25,6.37,359,626/26/16,Running,1.56,22:11,14:15,4.21,234,1076/29/16,Running,2.14,25:04:00,11:42,5.13,363,1447/30/18,Walking,0.93,15:15,16:22,3.66,114,307/28/18,Walking,3.66,45:51:00,12:32,4.79,564,1207/22/18,Walking,3.14,53:03:00,16:53,3.55,399,1527/2/16,Running,2.41,30:45:00,12:46,4.7,383,1567/4/16,Running,3.12,33:43:00,10:48,5.55,537,2127/7/16,Running,2.08,19:37,9:28,6.34,352,627/9/16,Running,1.6,20:16,12:43,4.72,254,1047/9/16,Running,2.75,25:08:00,9:08,6.57,410,2317/12/16,Running,2.07,18:57,9:09,6.55,352,667/23/16,Running,2.02,19:00,9:23,6.39,343,627/26/16,Running,2.01,17:31,8:44,6.87,347,1188/3/16,Running,1.98,19:00,9:36,6.26,345,1238/8/16,Running,2.1,18:18,8:44,6.87,352,348/8/16,Running,2.01,16:54,8:26,7.11,346,1038/9/16,Running,2.01,17:49,8:52,6.76,346,1078/14/16,Running,2.25,20:31,9:08,6.57,384,988/16/16,Running,2.03,18:49,9:17,6.46,346,1028/20/16,Running,2.33,52:39:00,22:38,2.65,319,2168/28/16,Running,2.26,20:11,8:56,6.72,391,1259/3/16,Running,3,28:14:00,9:24,6.38,521,1699/4/16,Running,2.67,26:18:00,9:50,6.1,451,629/5/16,Running,3.96,50:36:00,12:47,4.69,599,2499/8/16,Running,2.16,20:16,9:23,6.4,374,1229/10/16,Running,2.32,20:29,8:50,6.79,401,1209/12/16,Running,2.21,20:19,9:13,6.51,383,1199/17/16,Running,2.18,20:19,9:19,6.44,381,1599/17/16,Running,1.26,35:26:00,28:09:00,2.13,178,759/20/16,Running,2.18,20:31,9:24,6.38,395,2759/20/16,Running,1.96,18:01,9:13,6.5,345,1639/22/16,Running,2.62,33:04:00,12:37,4.75,415,20210/2/16,Running,2.04,20:02,9:49,6.11,348,6710/4/16,Running,2.22,20:00,9:01,6.65,382,12310/10/16,Running,2.2,20:00,9:07,6.58,381,12310/14/16,Running,2.19,20:12,9:14,6.5,377,11910/23/16,Running,2.23,20:04,9:01,6.66,384,11810/29/16,Running,2.12,19:53,9:22,6.4,363,8710/30/16,Running,2.34,20:09,8:37,6.96,407,13011/9/16,Running,2.24,22:02,9:50,6.1,389,12111/12/16,Running,2.37,20:00,8:26,7.11,396,1221/21/17,Running,2.14,21:23,10:01,5.99,369,1172/18/17,Running,2.25,21:01,9:20,6.42,389,1163/19/17,Running,2.27,21:23,9:26,6.36,391,1214/2/17,Running,2.24,21:29,9:35,6.26,385,994/16/17,Running,2.26,21:50,9:39,6.21,389,1004/17/17,Running,2.26,21:51,9:40,6.2,371,364/18/17,Running,2.28,21:19,9:21,6.42,382,434/20/17,Running,2.24,20:13,9:02,6.64,373,334/23/17,Running,2.24,20:41,9:16,6.48,382,985/13/17,Running,2.26,20:13,8:57,6.71,388,995/15/17,Running,2.23,20:28,9:10,6.54,383,1005/16/17,Running,2.25,22:55,10:11,5.89,385,995/27/17,Running,2.28,21:48,9:35,6.26,391,1055/28/17,Running,2.27,20:15,8:56,6.71,388,995/28/17,Running,2.25,21:35,9:37,6.24,393,1385/28/17,Running,1.93,30:10:00,15:37,3.84,279,715/29/17,Running,3.23,33:04:00,10:15,5.85,559,1495/30/17,Running,1.55,15:06,9:44,6.17,263,456/3/17,Running,2.86,40:13:00,14:05,4.26,418,1506/9/17,Running,3.12,31:04:00,9:58,6.02,538,1476/10/17,Running,3.35,33:59:00,10:10,5.9,570,1616/10/17,Running,2.28,20:44,9:07,6.58,387,996/17/17,Running,2.96,30:13:00,10:12,5.88,506,1176/19/17,Running,3.23,32:55:00,10:11,5.89,559,1616/21/17,Running,3.28,33:21:00,10:11,5.89,564,1486/24/17,Running,3.26,32:00:00,9:49,6.11,555,1166/26/17,Running,2.27,19:52,8:45,6.86,389,996/30/17,Running,3.29,30:55:00,9:24,6.38,566,1477/1/17,Running,2.26,20:29,9:05,6.61,387,1007/4/17,Running,2.26,20:10,8:56,6.72,388,997/8/17,Running,3.37,30:47:00,9:08,6.56,572,1127/12/17,Running,3.04,29:40:00,9:46,6.14,525,1417/16/17,Running,3.11,29:52:00,9:36,6.25,517,187/17/17,Running,2.16,18:06,8:23,7.15,357,57/18/17,Running,2.16,16:41,7:44,7.75,357,37/27/17,Running,2.24,20:04,8:58,6.7,385,987/29/17,Running,0.34,3:11,9:29,6.32,52,137/29/17,Running,2.05,17:10,8:24,7.15,351,898/2/17,Running,2.25,20:05,8:56,6.72,386,988/7/17,Running,2.45,23:02,9:26,6.36,420,1108/9/17,Running,2.4,22:23,9:21,6.42,411,1078/11/17,Running,2.02,18:24,9:07,6.59,349,978/12/17,Running,2.08,20:28,9:52,6.08,359,968/15/17,Running,2.24,21:17,9:31,6.3,384,1008/16/17,Running,2.19,19:55,9:05,6.6,375,908/23/17,Running,2.27,20:05,8:52,6.77,388,988/27/17,Running,2.27,20:14,8:55,6.73,390,1018/29/17,Running,2.31,20:59,9:06,6.59,395,1026/30/17,Walking,1.38,33:30:00,24:13:00,2.48,174,08/30/17,Running,2.55,23:04,9:04,6.62,435,1109/1/17,Running,2.59,20:08,7:47,7.71,406,959/2/17,Running,2.32,20:11,8:42,6.9,398,1036/22/17,Walking,0.48,16:45,35:00:00,1.71,66,09/9/17,Running,2.16,19:06,8:51,6.78,370,999/11/17,Running,2.27,20:04,8:50,6.8,391,1009/13/17,Running,2.01,17:36,8:45,6.86,336,286/16/17,Walking,0.75,23:22,31:16:00,1.92,99,06/16/17,Walking,0.61,22:16,36:30:00,1.64,86,06/15/17,Walking,0.32,14:28,44:55:00,1.34,51,06/15/17,Walking,0.46,20:29,44:39:00,1.34,72,06/14/17,Walking,0.63,22:00,34:56:00,1.72,87,09/16/17,Running,2.04,17:10,8:25,7.13,339,189/18/17,Running,2.26,20:17,9:00,6.67,385,989/21/17,Running,2.3,20:58,9:07,6.58,388,1029/23/17,Running,2.25,20:14,9:01,6.66,385,986/1/17,Walking,1.03,28:25:00,27:37:00,2.17,133,09/28/17,Running,2.03,22:00,10:50,5.54,333,349/30/17,Running,2.28,28:55:00,12:40,4.74,357,1059/30/17,Running,2.38,20:17,8:31,7.04,407,9810/1/17,Running,2.28,25:20:00,11:07,5.39,387,10210/7/17,Running,2.25,21:09,9:24,6.38,386,9910/9/17,Running,2.19,21:53,10:00,6,376,10110/13/17,Running,2.26,21:51,9:41,6.2,387,9910/14/17,Running,2.27,21:14,9:21,6.41,390,10210/17/17,Running,2.29,21:38,9:28,6.33,393,1054/26/17,Walking,0.55,21:08,38:18:00,1.57,80,010/20/17,Running,3.29,31:43:00,9:39,6.22,560,11910/23/17,Running,2.29,22:54,10:01,5.99,395,10310/26/17,Running,3.3,31:05:00,9:25,6.37,552,12111/3/17,Running,2.29,21:11,9:15,6.49,393,10011/4/17,Running,2.29,20:50,9:06,6.59,394,1004/15/17,Walking,0.32,13:19,41:31:00,1.45,48,04/15/17,Walking,2.07,1:24:55,41:00:00,1.46,308,04/10/17,Walking,1.25,53:26:00,42:43:00,1.4,191,04/8/17,Walking,2.3,54:49:00,23:48,2.52,289,04/7/17,Walking,1.5,32:44:00,21:47,2.75,180,011/24/17,Running,2.29,22:22,9:45,6.15,392,9711/25/17,Running,2.29,22:55,10:01,5.99,394,10511/26/17,Running,2.44,23:24,9:35,6.26,425,1432/18/17,Walking,0.86,18:52,21:50,2.75,104,02/18/17,Walking,0.92,23:06,25:07:00,2.39,117,011/27/17,Running,2.28,22:08,9:44,6.17,390,1001/16/17,Walking,0.54,16:35,30:58:00,1.94,71,012/10/16,Walking,0.39,16:25,41:53:00,1.43,59,011/15/16,Walking,0.29,12:33,43:46:00,1.37,44,012/1/17,Running,2.31,23:02,9:58,6.02,397,10311/10/16,Walking,0.33,14:07,43:03:00,1.39,50,012/2/17,Running,2.28,21:14,9:18,6.45,392,10011/4/16,Walking,0.71,27:14:00,38:14:00,1.57,103,011/4/16,Walking,0.71,27:14:00,38:14:00,1.57,103,011/3/16,Walking,0.5,14:20,28:56:00,2.07,64,011/3/16,Walking,0.5,14:20,28:56:00,2.07,64,011/3/16,Walking,0.51,19:30,38:14:00,1.57,73,011/3/16,Walking,0.51,19:30,38:14:00,1.57,73,012/3/17,Running,2.3,21:17,9:16,6.48,395,10312/16/17,Running,2.3,22:45,9:53,6.07,394,10512/22/17,Running,2.29,23:17,10:11,5.89,392,10410/21/16,Walking,0.38,15:53,41:57:00,1.43,57,01/27/18,Running,2.29,22:04,9:40,6.21,392,982/27/18,Running,2.17,22:01,10:08,5.92,371,9310/8/16,Walking,0.48,21:17,44:17:00,1.35,75,03/10/18,Running,2.45,24:09:00,9:53,6.07,417,10010/3/16,Walking,0.44,15:26,34:51:00,1.72,61,010/2/16,Walking,1.03,20:21,19:45,3.04,119,03/15/18,Running,2.28,23:28,10:19,5.82,388,1029/28/16,Walking,0.8,19:27,24:11:00,2.48,101,09/28/16,Walking,0.51,22:24,44:06:00,1.36,79,09/27/16,Walking,4.17,1:33:00,22:19,2.69,506,03/18/18,Running,3.34,40:13:00,12:02,4.99,523,1279/21/16,Walking,1.23,29:21:00,23:48,2.52,154,09/21/16,Walking,0.92,22:37,24:33:00,2.44,116,09/21/16,Walking,1.01,37:25:00,37:06:00,1.62,143,09/21/16,Walking,0.56,14:47,26:24:00,2.27,72,09/20/16,Walking,0.53,15:24,28:56:00,2.07,69,09/20/16,Walking,0.6,19:56,33:20:00,1.8,81,09/20/16,Walking,0.39,12:47,32:28:00,1.85,53,09/20/16,Walking,1.58,32:28:00,20:32,2.92,184,09/20/16,Walking,1.75,51:41:00,29:28:00,2.04,229,09/20/16,Walking,0.97,26:04:00,26:53:00,2.23,124,03/20/18,Running,2.28,22:00,9:39,6.22,392,1013/23/18,Running,2.3,22:14,9:41,6.2,395,1009/19/16,Walking,0.51,21:27,42:29:00,1.41,77,09/19/16,Walking,2.04,55:03:00,27:02:00,2.22,262,09/18/16,Walking,1.19,46:36:00,39:14:00,1.53,173,09/18/16,Walking,0.8,18:00,22:22,2.68,98,09/18/16,Walking,1.44,37:06:00,25:42:00,2.33,184,09/18/16,Walking,0.42,12:54,30:47:00,1.95,55,03/30/18,Running,2.94,29:06:00,9:55,6.05,504,1439/17/16,Walking,0.62,18:00,29:07:00,2.06,81,09/17/16,Walking,0.58,25:29:00,44:10:00,1.36,90,09/17/16,Walking,11.25,3:32:40,18:54,3.17,1291,04/12/18,Running,2.98,30:44:00,10:18,5.82,502,1169/16/16,Walking,0.71,15:18,21:33,2.78,85,09/16/16,Walking,0.45,14:29,31:54:00,1.88,61,09/15/16,Walking,1.46,51:04:00,35:02:00,1.71,203,09/15/16,Walking,1.02,44:28:00,43:40:00,1.37,157,09/15/16,Walking,0.61,24:02:00,39:45:00,1.51,89,09/15/16,Walking,1.7,1:06:43,39:17:00,1.53,247,04/13/18,Running,2.27,22:43,10:02,5.98,390,1004/17/18,Running,2.73,23:04,8:28,7.09,412,1054/19/18,Running,3.25,31:25:00,9:40,6.21,550,1174/21/18,Running,3.32,33:03:00,9:57,6.03,573,1554/22/18,Running,2.36,22:43,9:37,6.24,407,1009/3/16,Walking,0.82,16:31,20:04,2.99,95,04/24/18,Running,2.88,28:21:00,9:50,6.1,490,1104/26/18,Running,2.3,22:17,9:42,6.19,395,1024/28/18,Running,2.41,24:09:00,10:03,5.97,413,1148/18/16,Walking,0.63,15:21,24:25:00,2.46,79,05/1/18,Running,2.49,25:15:00,10:09,5.91,423,1045/5/18,Running,2.05,17:52,8:44,6.87,340,188/9/16,Walking,0.57,21:59,38:52:00,1.54,82,05/5/18,Running,2.06,25:04:00,12:09,4.94,352,778/8/16,Walking,0.79,13:49,17:32,3.42,90,05/6/18,Running,1.68,24:23:00,14:33,4.12,235,805/7/18,Running,2.32,22:25,9:41,6.2,398,1055/11/18,Running,2.29,22:29,9:49,6.11,395,1028/2/16,Walking,0.56,15:51,28:30:00,2.11,72,07/30/16,Walking,1.26,46:58:00,37:13:00,1.61,180,07/28/16,Walking,0.73,15:20,20:59,2.86,86,07/28/16,Walking,0.71,20:16,28:38:00,2.1,92,05/14/18,Running,2.29,23:01,10:04,5.96,394,985/21/18,Running,2.29,22:31,9:50,6.11,393,1007/21/16,Walking,0.48,13:02,26:55:00,2.23,62,07/20/16,Walking,0.85,13:45,16:13,3.7,103,07/18/16,Walking,2.92,1:00:50,20:48,2.88,343,07/18/16,Walking,0.32,13:11,41:24:00,1.45,48,07/16/16,Walking,2.65,46:21:00,17:30,3.43,302,07/12/16,Walking,1.18,20:44,17:37,3.41,134,05/25/18,Running,2.19,20:05,9:10,6.54,365,367/12/16,Walking,0.29,13:04,44:40:00,1.34,46,05/26/18,Running,3.02,31:07:00,10:19,5.81,523,1585/28/18,Running,3.04,30:10:00,9:56,6.04,518,1157/8/16,Walking,0.41,16:08,39:51:00,1.51,59,07/8/16,Walking,0.44,14:17,32:24:00,1.85,59,06/1/18,Running,1.19,20:09,16:55,3.55,167,177/6/16,Walking,1.66,1:08:45,41:29:00,1.45,248,06/16/18,Running,2.43,25:12:00,10:22,5.79,398,477/3/16,Walking,0.42,14:54,35:30:00,1.69,59,07/2/16,Walking,0.55,16:00,29:20:00,2.05,71,06/22/18,Running,2.29,22:14,9:42,6.18,392,1007/1/16,Walking,4.57,1:21:44,17:53,3.36,522,07/1/16,Walking,0.5,20:40,41:41:00,1.44,75,08/4/18,Running,2.39,24:07:00,10:05,5.95,408,988/13/18,Running,2.19,22:55,10:28,5.73,362,338/18/18,Running,2.41,24:57:00,10:22,5.79,409,986/22/16,Walking,0.31,13:07,42:59:00,1.4,47,08/19/18,Running,2.28,23:06,10:09,5.91,391,1016/19/16,Walking,0.47,13:07,27:58:00,2.15,61,06/17/16,Walking,0.35,13:01,37:14:00,1.61,50,08/21/18,Running,2.37,24:28:00,10:19,5.81,406,1018/28/18,Running,2.31,29:31:00,12:48,4.69,380,1089/1/18,Running,2.78,32:57:00,11:52,5.06,440,1129/2/18,Running,2.39,24:49:00,10:24,5.77,395,1039/8/18,Running,2.26,23:30,10:24,5.77,373,839/10/18,Running,2.27,22:19,9:51,6.1,390,989/11/18,Running,2.3,23:07,10:04,5.96,395,1019/16/18,Running,3.94,1:02:43,15:56,3.77,538,1669/17/18,Running,2.17,22:37,10:24,5.77,361,329/18/18,Running,2.26,22:19,9:54,6.06,389,989/22/18,Running,3.34,32:28:00,9:44,6.17,568,1139/23/18,Running,1.62,18:46,11:34,5.19,257,259/23/18,Running,2.43,24:48:00,10:12,5.88,425,1429/28/18,Running,2.47,25:52:00,10:29,5.72,417,1419/30/18,Running,3.05,30:56:00,10:09,5.91,528,15910/1/18,Running,2.27,20:47,9:09,6.55,390,9810/2/18,Running,2.27,23:06,10:12,5.89,385,9810/7/18,Running,2.35,22:45,9:42,6.19,402,10110/8/18,Running,2.18,22:21,10:16,5.85,375,9610/18/18,Running,2.28,22:28,9:52,6.08,390,10310/20/18,Running,2.13,21:07,9:55,6.05,360,7910/27/18,Running,2.39,21:20,8:57,6.71,403,10111/3/18,Running,2.38,23:05,9:41,6.19,396,3711/6/18,Running,2.33,22:38,9:44,6.16,394,10111/10/18,Running,3.02,28:43:00,9:31,6.3,515,11511/17/18,Running,3.63,46:21:00,12:47,4.69,560,16711/21/18,Running,2.38,23:44,10:00,6,409,9912/8/18,Running,2.3,27:54:00,12:09,4.94,371,10712/16/18,Running,2.35,22:37,9:38,6.23,403,991/4/19,Running,2.28,23:40,10:22,5.79,388,981/6/19,Running,2.28,22:18,9:47,6.14,391,1023/17/19,Running,2.27,23:11,10:15,5.86,387,1013/21/19,Running,2.57,30:08:00,11:45,5.11,419,1453/26/19,Running,2.29,22:51,10:00,6,391,1013/28/19,Running,2.37,23:24,9:52,6.08,407,1024/1/19,Running,2.28,22:23,9:49,6.11,392,1004/6/19,Running,3.59,39:21:00,10:57,5.48,616,1614/17/19,Running,2.38,23:28,9:51,6.09,395,375/4/19,Running,2.41,23:41,9:51,6.1,412,1035/5/19,Running,2.33,23:31,10:07,5.93,397,1025/8/19,Running,2.26,23:12,10:17,5.83,384,975/9/19,Running,2.59,26:43:00,10:18,5.82,443,1305/13/19,Running,2.28,21:24,9:23,6.4,392,975/25/19,Running,3.96,1:00:22,15:14,3.94,575,2175/27/19,Running,2.3,28:51:00,12:32,4.79,363,1075/27/19,Running,0,0:58,,,0.448,06/4/19,Running,2.02,21:52,10:50,5.54,290.312,1566/5/19,Running,2.28,23:41,10:23,5.78,320.612,198