Date,End,Sleep quality,Time in bed7/30/17,7/31/17,87%,7:257/31/17,8/1/17,78%,6:488/1/17,8/2/17,60%,6:318/4/17,8/5/17,61%,5:198/6/17,8/7/17,99%,8:098/8/17,8/9/17,72%,6:328/15/17,8/16/17,0%,0:008/20/17,8/21/17,88%,8:168/22/17,8/23/17,90%,7:398/24/17,8/25/17,99%,8:298/27/17,8/28/17,85%,7:088/28/17,8/29/17,88%,7:548/29/17,8/30/17,79%,7:228/30/17,8/31/17,72%,6:058/31/17,9/1/17,89%,7:589/4/17,9/5/17,63%,5:559/6/17,9/7/17,77%,7:199/7/17,9/8/17,62%,5:399/10/17,9/11/17,88%,7:449/11/17,9/12/17,69%,7:109/15/17,9/16/17,80%,8:159/16/17,9/17/17,64%,7:529/17/17,9/18/17,72%,8:159/19/17,9/20/17,66%,7:169/21/17,9/22/17,54%,6:349/24/17,9/25/17,83%,8:129/26/17,9/27/17,77%,7:179/27/17,9/28/17,93%,8:0410/1/17,10/2/17,81%,7:4810/3/17,10/4/17,78%,7:5310/6/17,10/7/17,72%,6:3210/8/17,10/9/17,80%,7:1710/9/17,10/10/17,72%,6:5610/10/17,10/11/17,82%,6:5510/18/17,10/19/17,77%,7:1210/24/17,10/25/17,91%,8:2711/1/17,11/1/17,0%,0:0011/3/17,11/4/17,84%,7:2411/5/17,11/6/17,84%,7:4311/7/17,11/8/17,76%,7:1211/9/17,11/10/17,78%,7:2112/3/17,12/4/17,100%,8:3412/4/17,12/5/17,81%,8:2312/6/17,12/7/17,76%,7:1812/8/17,12/8/17,53%,5:1012/8/17,12/9/17,71%,8:1312/9/17,12/10/17,58%,6:1712/11/17,12/12/17,74%,7:3012/12/17,12/13/17,74%,7:2312/13/17,12/14/17,68%,5:5312/14/17,12/15/17,81%,7:5612/16/17,12/17/17,49%,5:3212/18/17,12/19/17,78%,7:5912/19/17,12/20/17,82%,6:5212/20/17,12/21/17,59%,7:0812/21/17,12/22/17,50%,6:181/7/18,1/8/18,100%,9:101/11/18,1/12/18,76%,6:291/14/18,1/15/18,77%,7:241/28/18,1/29/18,75%,6:422/4/18,2/5/18,73%,6:382/8/18,2/9/18,83%,8:162/9/18,2/10/18,68%,7:122/10/18,2/11/18,79%,8:072/11/18,2/12/18,79%,7:152/12/18,2/13/18,86%,6:402/14/18,2/14/18,52%,4:202/14/18,2/15/18,78%,6:452/16/18,2/17/18,92%,8:132/17/18,2/18/18,85%,8:482/18/18,2/19/18,83%,7:542/19/18,2/20/18,74%,7:382/25/18,2/26/18,79%,7:582/27/18,2/28/18,82%,6:572/28/18,3/1/18,64%,7:133/11/18,3/12/18,80%,7:163/13/18,3/14/18,86%,8:053/14/18,3/15/18,80%,6:543/16/18,3/16/18,60%,5:393/18/18,3/19/18,57%,7:263/20/18,3/21/18,85%,7:094/1/18,4/2/18,98%,8:234/2/18,4/3/18,78%,7:434/3/18,4/4/18,80%,6:534/4/18,4/5/18,84%,7:084/5/18,4/6/18,88%,8:114/7/18,4/8/18,92%,7:164/8/18,4/9/18,85%,8:314/9/18,4/10/18,95%,7:244/10/18,4/10/18,7%,0:314/15/18,4/16/18,99%,8:194/16/18,4/17/18,75%,8:164/17/18,4/18/18,75%,7:004/18/18,4/19/18,81%,7:404/19/18,4/20/18,66%,6:164/22/18,4/23/18,85%,7:314/23/18,4/24/18,86%,8:214/24/18,4/25/18,0%,0:004/25/18,4/26/18,74%,7:254/26/18,4/27/18,87%,7:104/29/18,4/30/18,82%,7:334/30/18,5/1/18,79%,7:155/1/18,5/2/18,73%,7:155/2/18,5/3/18,58%,7:015/4/18,5/5/18,78%,7:235/5/18,5/6/18,94%,8:375/6/18,5/7/18,77%,7:035/7/18,5/8/18,74%,6:485/8/18,5/9/18,89%,8:105/9/18,5/10/18,81%,7:265/10/18,5/11/18,65%,7:385/13/18,5/14/18,95%,7:505/14/18,5/15/18,70%,7:135/15/18,5/16/18,70%,6:255/21/18,5/22/18,65%,8:085/22/18,5/23/18,72%,8:115/24/18,5/24/18,17%,1:185/24/18,5/24/18,4%,0:195/28/18,5/29/18,76%,7:255/29/18,5/30/18,57%,7:085/30/18,5/31/18,76%,7:585/31/18,6/1/18,60%,7:426/1/18,6/2/18,78%,7:566/2/18,6/3/18,71%,7:426/3/18,6/4/18,69%,6:536/4/18,6/5/18,68%,7:036/5/18,6/6/18,86%,7:266/6/18,6/7/18,77%,6:236/7/18,6/8/18,78%,6:546/10/18,6/11/18,89%,7:446/11/18,6/12/18,72%,6:526/12/18,6/13/18,85%,7:476/13/18,6/14/18,88%,7:026/14/18,6/15/18,78%,6:056/17/18,6/18/18,74%,7:106/18/18,6/19/18,79%,6:536/19/18,6/20/18,71%,7:016/20/18,6/21/18,76%,7:206/21/18,6/22/18,61%,6:246/24/18,6/25/18,82%,7:146/25/18,6/26/18,81%,7:336/26/18,6/27/18,72%,6:506/27/18,6/28/18,58%,5:557/1/18,7/2/18,79%,7:177/15/18,7/16/18,77%,7:217/16/18,7/17/18,71%,7:197/17/18,7/18/18,56%,6:587/18/18,7/18/18,5%,0:247/18/18,7/18/18,3%,0:157/18/18,7/19/18,63%,6:247/19/18,7/20/18,59%,6:567/22/18,7/23/18,64%,7:047/23/18,7/24/18,64%,6:377/24/18,7/25/18,62%,7:157/29/18,7/30/18,63%,7:097/30/18,7/31/18,48%,7:377/31/18,8/1/18,73%,7:098/1/18,8/2/18,46%,7:028/2/18,8/3/18,74%,6:578/5/18,8/6/18,72%,7:168/6/18,8/7/18,65%,7:328/7/18,8/8/18,63%,5:518/8/18,8/9/18,85%,7:528/9/18,8/10/18,80%,7:228/12/18,8/13/18,67%,6:478/13/18,8/14/18,53%,6:398/14/18,8/15/18,77%,7:598/15/18,8/16/18,60%,6:578/16/18,8/17/18,69%,7:278/19/18,8/20/18,69%,7:198/20/18,8/21/18,83%,8:078/21/18,8/22/18,70%,6:158/22/18,8/23/18,63%,6:308/23/18,8/24/18,65%,7:098/26/18,8/27/18,72%,7:068/27/18,8/27/18,7%,0:338/27/18,8/28/18,84%,7:068/28/18,8/29/18,76%,7:238/29/18,8/30/18,88%,8:378/30/18,8/31/18,74%,7:289/3/18,9/4/18,77%,7:099/4/18,9/4/18,12%,0:549/4/18,9/5/18,98%,8:319/5/18,9/6/18,98%,8:219/6/18,9/7/18,78%,7:339/9/18,9/10/18,67%,7:369/10/18,9/11/18,73%,7:069/11/18,9/12/18,73%,7:029/12/18,9/13/18,78%,7:329/13/18,9/14/18,78%,7:199/16/18,9/17/18,77%,7:009/17/18,9/18/18,87%,7:499/18/18,9/19/18,76%,7:339/19/18,9/20/18,71%,7:389/20/18,9/21/18,80%,7:529/23/18,9/24/18,83%,8:039/24/18,9/25/18,90%,7:379/25/18,9/26/18,64%,6:179/26/18,9/27/18,28%,2:339/30/18,10/1/18,63%,6:5510/1/18,10/2/18,76%,6:4210/2/18,10/3/18,61%,7:1010/3/18,10/4/18,83%,7:4210/4/18,10/5/18,77%,7:2610/7/18,10/8/18,76%,7:2810/8/18,10/9/18,70%,7:0110/9/18,10/10/18,55%,6:2510/10/18,10/11/18,70%,7:0910/11/18,10/12/18,71%,7:2610/15/18,10/16/18,68%,6:5310/16/18,10/17/18,84%,7:2510/17/18,10/18/18,69%,7:1910/18/18,10/19/18,62%,5:4910/21/18,10/22/18,68%,7:5010/22/18,10/23/18,72%,7:1510/23/18,10/24/18,100%,8:3310/24/18,10/25/18,60%,7:2010/25/18,10/26/18,89%,9:1310/28/18,10/29/18,73%,7:2510/29/18,10/30/18,92%,7:5710/31/18,11/1/18,66%,7:0511/1/18,11/2/18,74%,8:0011/4/18,11/5/18,76%,7:5011/5/18,11/6/18,80%,7:2611/6/18,11/7/18,93%,7:4111/7/18,11/8/18,82%,7:0411/8/18,11/9/18,62%,7:3511/11/18,11/12/18,79%,7:2811/12/18,11/12/18,5%,0:2511/12/18,11/13/18,88%,7:5711/13/18,11/14/18,73%,7:5711/14/18,11/15/18,74%,6:4111/15/18,11/16/18,64%,6:5711/18/18,11/19/18,64%,7:2711/19/18,11/20/18,73%,6:4011/22/18,11/22/18,35%,4:0611/24/18,11/24/18,6%,0:2811/25/18,11/26/18,68%,7:2511/26/18,11/27/18,68%,7:4011/27/18,11/28/18,90%,7:3211/28/18,11/29/18,77%,6:5011/29/18,11/30/18,67%,6:1812/2/18,12/3/18,90%,7:1612/3/18,12/4/18,90%,8:0512/4/18,12/5/18,81%,6:5712/5/18,12/6/18,81%,6:5212/6/18,12/7/18,89%,6:5412/9/18,12/10/18,94%,7:1912/10/18,12/11/18,86%,6:4012/11/18,12/12/18,92%,7:0912/12/18,12/13/18,65%,6:3512/13/18,12/14/18,75%,7:4012/16/18,12/17/18,82%,7:2312/17/18,12/18/18,71%,6:5112/18/18,12/19/18,99%,8:0812/19/18,12/20/18,83%,7:2112/20/18,12/21/18,81%,7:011/2/19,1/3/19,68%,6:511/3/19,1/4/19,43%,7:001/6/19,1/7/19,85%,6:451/7/19,1/8/19,84%,7:461/8/19,1/8/19,3%,0:151/8/19,1/9/19,91%,7:571/9/19,1/10/19,87%,6:441/10/19,1/11/19,91%,7:051/12/19,1/13/19,97%,7:421/13/19,1/14/19,85%,8:181/14/19,1/15/19,100%,8:171/15/19,1/16/19,70%,6:361/16/19,1/17/19,93%,7:121/17/19,1/18/19,81%,6:311/20/19,1/21/19,89%,8:221/21/19,1/22/19,83%,8:131/22/19,1/23/19,85%,7:111/23/19,1/24/19,88%,8:121/24/19,1/25/19,91%,7:041/26/19,1/27/19,100%,9:031/27/19,1/28/19,74%,7:261/28/19,1/29/19,97%,7:401/29/19,1/30/19,74%,7:291/30/19,1/30/19,3%,0:151/30/19,1/31/19,67%,7:231/31/19,2/1/19,78%,7:062/3/19,2/3/19,8%,0:382/3/19,2/4/19,71%,6:202/4/19,2/5/19,65%,7:452/5/19,2/6/19,74%,6:362/6/19,2/6/19,10%,0:472/6/19,2/7/19,59%,7:452/7/19,2/8/19,81%,7:472/10/19,2/11/19,96%,8:252/11/19,2/12/19,77%,7:342/12/19,2/13/19,97%,7:402/13/19,2/14/19,90%,8:232/14/19,2/15/19,70%,6:30